,Index,Buy,Sell,Rate
2020-04-06 08:28:36,100.69,1248.3,1224.7,1236.5
2020-04-06 08:35:22,100.69,1248.3,1224.7,1236.5
2020-04-06 08:43:03,100.69,1248.3,1224.7,1236.5
2020-04-06 08:52:10,100.69,1248.3,1224.7,1236.5
2020-04-06 08:55:55,100.69,1248.3,1224.7,1236.5
2020-04-06 09:00:47,100.69,1248.5,1224.9,1236.7
2020-04-06 09:01:20,100.69,1249.4,1225.8,1237.6
2020-04-06 09:01:46,100.69,1248.7,1225.1,1236.9
2020-04-06 09:02:12,100.69,1247.6,1224.0,1235.8
2020-04-06 09:02:43,100.69,1247.2,1223.6,1235.4
2020-04-06 09:03:07,100.69,1247.7,1224.1,1235.9
2020-04-06 09:03:42,100.69,1248.2,1224.6,1236.4
2020-04-06 09:04:32,100.69,1248.4,1224.8,1236.6
2020-04-06 09:04:59,100.69,1248.9,1225.3,1237.1
2020-04-06 09:05:29,100.69,1249.2,1225.6,1237.4
2020-04-06 09:06:25,100.69,1248.3,1224.7,1236.5
2020-04-06 09:08:09,100.69,1248.6,1225.0,1236.8
2020-04-06 09:08:50,100.69,1248.8,1225.2,1237.0
2020-04-06 09:11:39,100.69,1248.8,1225.2,1237.0
2020-04-06 09:12:40,100.69,1249.7,1226.1,1237.9
2020-04-06 09:16:52,100.69,1249.6,1226.0,1237.8
2020-04-06 09:18:11,100.69,1250.0,1226.4,1238.2
2020-04-06 09:18:54,100.69,1249.2,1225.6,1237.4
2020-04-06 09:20:28,100.69,1249.0,1225.4,1237.2
2020-04-06 09:21:05,100.69,1248.6,1225.0,1236.8
2020-04-06 09:22:02,100.69,1249.2,1225.6,1237.4
2020-04-06 09:23:20,100.69,1248.7,1225.1,1236.9
2020-04-06 09:26:42,100.69,1248.4,1224.8,1236.6
2020-04-06 09:27:55,100.69,1248.2,1224.6,1236.4
2020-04-06 09:28:38,100.69,1247.6,1224.0,1235.8
2020-04-06 09:30:56,100.69,1247.5,1223.9,1235.7
2020-04-06 09:31:38,100.69,1246.7,1223.1,1234.9
2020-04-06 09:32:11,100.69,1246.6,1223.0,1234.8
2020-04-06 09:33:59,100.69,1246.1,1222.5,1234.3
2020-04-06 09:35:07,100.69,1245.6,1222.0,1233.8
2020-04-06 09:37:18,100.69,1245.3,1221.7,1233.5
2020-04-06 09:39:19,100.69,1244.8,1221.2,1233.0
2020-04-06 09:39:58,100.69,1244.0,1220.4,1232.2
2020-04-06 09:41:03,100.69,1243.4,1219.8,1231.6
2020-04-06 09:41:55,100.69,1243.6,1220.0,1231.8
2020-04-06 09:42:26,100.69,1244.3,1220.7,1232.5
2020-04-06 09:44:13,100.69,1244.9,1221.3,1233.1
2020-04-06 09:45:21,100.69,1245.0,1221.4,1233.2
2020-04-06 09:46:39,100.69,1245.7,1222.1,1233.9
2020-04-06 09:47:38,100.69,1245.3,1221.7,1233.5
2020-04-06 09:48:50,100.69,1245.1,1221.5,1233.3
2020-04-06 09:52:07,100.69,1244.4,1220.8,1232.6
2020-04-06 09:54:49,100.69,1245.2,1221.6,1233.4
2020-04-06 09:56:53,100.69,1245.0,1221.4,1233.2
2020-04-06 09:58:45,100.69,1245.8,1222.2,1234.0
2020-04-06 10:02:57,100.69,1246.0,1222.4,1234.2
2020-04-06 10:03:27,100.69,1245.6,1222.0,1233.8
2020-04-06 10:04:02,100.69,1245.3,1221.7,1233.5
2020-04-06 10:05:43,100.69,1245.7,1222.1,1233.9
2020-04-06 10:06:35,100.69,1246.3,1222.7,1234.5
2020-04-06 10:08:59,100.69,1245.7,1222.1,1233.9
2020-04-06 10:10:24,100.69,1246.0,1222.4,1234.2
2020-04-06 10:12:30,100.69,1246.1,1222.5,1234.3
2020-04-06 10:12:58,100.69,1245.8,1222.2,1234.0
2020-04-06 10:13:26,100.69,1245.5,1221.9,1233.7
2020-04-06 10:15:52,100.69,1245.4,1221.8,1233.6
2020-04-06 10:17:07,100.69,1245.1,1221.5,1233.3
2020-04-06 10:17:52,100.69,1245.4,1221.8,1233.6
2020-04-06 10:18:31,100.69,1245.7,1222.1,1233.9
2020-04-06 10:23:49,100.69,1245.9,1222.3,1234.1
2020-04-06 10:28:27,100.69,1245.7,1222.1,1233.9
2020-04-06 10:30:52,100.69,1246.6,1223.0,1234.8
2020-04-06 10:31:39,100.69,1246.7,1223.1,1234.9
2020-04-06 10:32:10,100.69,1247.2,1223.6,1235.4
2020-04-06 10:36:48,100.69,1247.1,1223.5,1235.3
2020-04-06 10:39:12,100.69,1247.3,1223.7,1235.5
2020-04-06 10:40:44,100.69,1246.9,1223.3,1235.1
2020-04-06 10:42:02,100.69,1246.5,1222.9,1234.7
2020-04-06 10:42:52,100.69,1247.0,1223.4,1235.2
2020-04-06 10:46:08,100.69,1247.8,1224.2,1236.0
2020-04-06 10:46:52,100.69,1247.5,1223.9,1235.7
2020-04-06 10:49:55,100.69,1247.5,1223.9,1235.7
2020-04-06 10:51:11,100.69,1247.7,1224.1,1235.9
2020-04-06 10:54:40,100.69,1248.0,1224.4,1236.2
2020-04-06 10:55:57,100.69,1248.2,1224.6,1236.4
2020-04-06 10:57:18,100.69,1247.7,1224.1,1235.9
2020-04-06 10:59:18,100.69,1247.3,1223.7,1235.5
2020-04-06 10:59:58,100.69,1246.9,1223.3,1235.1
2020-04-06 11:04:09,100.69,1247.2,1223.6,1235.4
2020-04-06 11:07:23,100.69,1247.7,1224.1,1235.9
2020-04-06 11:11:25,100.69,1248.1,1224.5,1236.3
2020-04-06 11:12:27,100.69,1248.4,1224.8,1236.6
2020-04-06 11:14:02,100.69,1247.7,1224.1,1235.9
2020-04-06 11:15:09,100.69,1247.4,1223.8,1235.6
2020-04-06 11:15:47,100.69,1247.2,1223.6,1235.4
2020-04-06 11:18:20,100.69,1247.6,1224.0,1235.8
2020-04-06 11:23:42,100.69,1247.4,1223.8,1235.6
2020-04-06 11:26:10,100.69,1247.1,1223.5,1235.3
2020-04-06 11:27:57,100.69,1247.2,1223.6,1235.4
2020-04-06 11:31:25,100.69,1247.6,1224.0,1235.8
2020-04-06 11:33:18,100.69,1247.7,1224.1,1235.9
2020-04-06 11:36:10,100.69,1247.9,1224.3,1236.1
2020-04-06 11:48:19,100.69,1247.9,1224.3,1236.1
2020-04-06 11:54:24,100.69,1247.5,1223.9,1235.7
2020-04-06 11:56:58,100.69,1247.8,1224.2,1236.0
2020-04-06 12:02:14,100.69,1248.1,1224.5,1236.3
2020-04-06 12:04:01,100.69,1247.5,1223.9,1235.7
2020-04-06 12:04:46,100.69,1247.0,1223.4,1235.2
2020-04-06 12:11:40,100.69,1246.7,1223.1,1234.9
2020-04-06 12:13:09,100.69,1246.2,1222.6,1234.4
2020-04-06 12:14:00,100.69,1245.5,1221.9,1233.7
2020-04-06 12:15:13,100.69,1245.8,1222.2,1234.0
2020-04-06 12:16:05,100.69,1246.1,1222.5,1234.3
2020-04-06 12:22:36,100.69,1246.6,1223.0,1234.8
2020-04-06 12:27:30,100.69,1246.3,1222.7,1234.5
2020-04-06 12:32:58,100.69,1245.5,1221.9,1233.7
2020-04-06 12:39:22,100.69,1245.6,1222.0,1233.8
2020-04-06 12:40:18,100.69,1246.0,1222.4,1234.2
2020-04-06 12:44:45,100.69,1246.6,1223.0,1234.8
2020-04-06 13:04:26,100.69,1245.7,1222.1,1233.9
2020-04-06 13:04:53,100.69,1245.5,1221.9,1233.7
2020-04-06 13:06:15,100.69,1245.3,1221.7,1233.5
2020-04-06 13:07:29,100.69,1245.1,1221.5,1233.3
2020-04-06 13:08:23,100.69,1245.3,1221.7,1233.5
2020-04-06 13:09:42,100.69,1245.6,1222.0,1233.8
2020-04-06 13:15:32,100.69,1244.8,1221.2,1233.0
2020-04-06 13:21:45,100.69,1245.0,1221.4,1233.2
2020-04-06 13:25:22,100.69,1244.7,1221.1,1232.9
2020-04-06 13:28:24,100.69,1244.7,1221.1,1232.9
2020-04-06 13:29:16,100.69,1245.0,1221.4,1233.2
2020-04-06 13:36:54,100.69,1244.3,1220.7,1232.5
2020-04-06 13:40:36,100.69,1244.7,1221.1,1232.9
2020-04-06 13:51:04,100.69,1245.0,1221.4,1233.2
2020-04-06 13:55:03,100.69,1244.5,1220.9,1232.7
2020-04-06 13:59:19,100.69,1244.7,1221.1,1232.9
2020-04-06 14:02:17,100.69,1244.3,1220.7,1232.5
2020-04-06 14:04:49,100.69,1244.7,1221.1,1232.9
2020-04-06 14:07:52,100.69,1244.9,1221.3,1233.1
2020-04-06 14:09:09,100.69,1245.2,1221.6,1233.4
2020-04-06 14:10:43,100.69,1244.7,1221.1,1232.9
2020-04-06 14:13:29,100.69,1244.4,1220.8,1232.6
2020-04-06 14:14:39,100.69,1244.8,1221.2,1233.0
2020-04-06 14:21:05,100.69,1244.4,1220.8,1232.6
2020-04-06 14:23:24,100.69,1244.0,1220.4,1232.2
2020-04-06 14:24:28,100.69,1243.8,1220.2,1232.0
2020-04-06 14:27:11,100.69,1243.5,1219.9,1231.7
2020-04-06 14:32:15,100.69,1243.7,1220.1,1231.9
2020-04-06 14:34:58,100.69,1243.4,1219.8,1231.6
2020-04-06 14:35:45,100.69,1243.5,1219.9,1231.7
2020-04-06 14:36:35,100.69,1244.0,1220.4,1232.2
2020-04-06 14:39:41,100.69,1243.8,1220.2,1232.0
2020-04-06 14:41:37,100.69,1243.3,1219.7,1231.5
2020-04-06 14:43:29,100.69,1242.7,1219.1,1230.9
2020-04-06 14:44:27,100.69,1242.3,1218.7,1230.5
2020-04-06 14:45:14,100.69,1241.7,1218.1,1229.9
2020-04-06 14:45:47,100.69,1241.6,1218.0,1229.8
2020-04-06 14:49:05,100.69,1242.1,1218.5,1230.3
2020-04-06 14:51:51,100.69,1241.8,1218.2,1230.0
2020-04-06 14:54:27,100.69,1242.1,1218.5,1230.3
2020-04-06 14:55:49,100.69,1241.4,1217.8,1229.6
2020-04-06 14:56:35,100.69,1241.9,1218.3,1230.1
2020-04-06 14:59:04,100.69,1241.4,1217.8,1229.6
2020-04-06 15:01:05,100.69,1241.6,1218.0,1229.8
2020-04-06 15:07:09,100.69,1241.3,1217.7,1229.5
2020-04-06 15:08:22,100.69,1241.2,1217.6,1229.4
2020-04-06 15:11:11,100.69,1240.5,1217.1,1228.8
2020-04-06 15:15:05,100.69,1241.3,1217.7,1229.5
2020-04-06 15:18:42,100.69,1241.9,1218.3,1230.1
2020-04-06 15:19:30,100.69,1242.0,1218.4,1230.2
2020-04-06 15:20:17,100.69,1242.3,1218.7,1230.5
2020-04-06 15:22:19,100.69,1241.8,1218.2,1230.0
2020-04-06 15:22:58,100.69,1240.6,1217.2,1228.9
2020-04-06 15:25:26,100.69,1240.5,1217.1,1228.8
2020-04-06 15:28:42,100.69,1241.2,1217.6,1229.4
2020-04-06 15:31:13,100.69,1241.1,1217.5,1229.3
2020-04-06 15:32:45,100.69,1241.3,1217.7,1229.5
2020-04-06 15:42:41,100.69,1241.3,1217.7,1229.5
2020-04-06 15:47:35,100.69,1240.7,1217.3,1229.0
2020-04-06 15:54:28,100.69,1240.7,1217.3,1229.0
2020-04-06 16:16:54,100.69,1240.7,1217.3,1229.0
2020-04-06 16:20:00,100.69,1240.2,1216.8,1228.5
2020-04-06 16:22:49,100.69,1239.7,1216.3,1228.0
2020-04-06 16:30:12,100.69,1239.7,1216.3,1228.0
2020-04-06 16:33:19,100.69,1239.7,1216.3,1228.0
2020-04-06 16:39:56,100.69,1240.2,1216.8,1228.5
2020-04-06 16:41:09,100.69,1239.7,1216.3,1228.0
2020-04-06 16:48:25,100.69,1239.2,1215.8,1227.5
2020-04-06 16:58:50,100.69,1239.2,1215.8,1227.5
2020-04-07 08:32:33,99.9,1235.7,1212.3,1224.0
2020-04-07 08:39:27,99.9,1235.7,1212.3,1224.0
2020-04-07 08:45:05,99.9,1235.7,1212.3,1224.0
2020-04-07 08:50:54,99.9,1235.7,1212.3,1224.0
2020-04-07 08:58:44,99.9,1235.7,1212.3,1224.0
2020-04-07 09:01:02,99.9,1234.6,1211.2,1222.9
2020-04-07 09:01:42,99.9,1234.4,1211.0,1222.7
2020-04-07 09:03:19,99.9,1233.4,1210.0,1221.7
2020-04-07 09:03:54,99.9,1233.5,1210.1,1221.8
2020-04-07 09:04:28,99.9,1233.6,1210.2,1221.9
2020-04-07 09:06:43,99.9,1233.8,1210.4,1222.1
2020-04-07 09:07:34,99.9,1233.0,1209.6,1221.3
2020-04-07 09:08:05,99.9,1232.7,1209.3,1221.0
2020-04-07 09:09:01,99.9,1231.8,1208.4,1220.1
2020-04-07 09:09:32,99.9,1231.2,1207.8,1219.5
2020-04-07 09:10:04,99.9,1231.7,1208.3,1220.0
2020-04-07 09:12:42,99.9,1231.5,1208.1,1219.8
2020-04-07 09:14:58,99.9,1231.0,1207.6,1219.3
2020-04-07 09:15:45,99.9,1230.6,1207.2,1218.9
2020-04-07 09:17:36,99.9,1230.9,1207.5,1219.2
2020-04-07 09:18:04,99.9,1231.4,1208.0,1219.7
2020-04-07 09:18:35,99.9,1231.7,1208.3,1220.0
2020-04-07 09:20:02,99.9,1231.4,1208.0,1219.7
2020-04-07 09:23:12,99.9,1231.7,1208.3,1220.0
2020-04-07 09:28:00,99.9,1232.5,1209.1,1220.8
2020-04-07 09:35:45,99.9,1232.4,1209.0,1220.7
2020-04-07 09:36:36,99.9,1232.6,1209.2,1220.9
2020-04-07 09:40:38,99.9,1232.6,1209.2,1220.9
2020-04-07 09:41:26,99.9,1232.9,1209.5,1221.2
2020-04-07 09:41:56,99.9,1233.1,1209.7,1221.4
2020-04-07 09:42:27,99.9,1233.4,1210.0,1221.7
2020-04-07 09:43:44,99.9,1233.7,1210.3,1222.0
2020-04-07 09:44:44,99.9,1234.1,1210.7,1222.4
2020-04-07 09:46:27,99.9,1233.4,1210.0,1221.7
2020-04-07 09:51:25,99.9,1233.9,1210.5,1222.2
2020-04-07 09:52:05,99.9,1234.1,1210.7,1222.4
2020-04-07 09:55:25,99.9,1233.8,1210.4,1222.1
2020-04-07 09:57:51,99.9,1233.6,1210.2,1221.9
2020-04-07 09:59:30,99.9,1233.6,1210.2,1221.9
2020-04-07 10:02:03,99.9,1233.1,1209.7,1221.4
2020-04-07 10:02:34,99.9,1233.3,1209.9,1221.6
2020-04-07 10:05:12,99.9,1234.0,1210.6,1222.3
2020-04-07 10:06:11,99.9,1234.2,1210.8,1222.5
2020-04-07 10:06:43,99.9,1234.0,1210.6,1222.3
2020-04-07 10:09:33,99.9,1234.4,1211.0,1222.7
2020-04-07 10:12:18,99.9,1234.6,1211.2,1222.9
2020-04-07 10:14:29,99.9,1234.7,1211.3,1223.0
2020-04-07 10:16:14,99.9,1234.5,1211.1,1222.8
2020-04-07 10:18:22,99.9,1234.0,1210.6,1222.3
2020-04-07 10:19:02,99.9,1233.6,1210.2,1221.9
2020-04-07 10:22:41,99.9,1232.9,1209.5,1221.2
2020-04-07 10:23:50,99.9,1232.8,1209.4,1221.1
2020-04-07 10:24:22,99.9,1233.3,1209.9,1221.6
2020-04-07 10:28:57,99.9,1233.9,1210.5,1222.2
2020-04-07 10:33:05,99.9,1233.4,1210.0,1221.7
2020-04-07 10:35:35,99.9,1233.4,1210.0,1221.7
2020-04-07 10:36:53,99.9,1232.4,1209.0,1220.7
2020-04-07 10:37:40,99.9,1232.2,1208.8,1220.5
2020-04-07 10:38:12,99.9,1232.4,1209.0,1220.7
2020-04-07 10:39:08,99.9,1232.1,1208.7,1220.4
2020-04-07 10:41:15,99.9,1232.8,1209.4,1221.1
2020-04-07 10:44:34,99.9,1232.9,1209.5,1221.2
2020-04-07 10:45:15,99.9,1232.4,1209.0,1220.7
2020-04-07 10:47:14,99.9,1232.2,1208.8,1220.5
2020-04-07 10:50:37,99.9,1231.6,1208.2,1219.9
2020-04-07 10:53:37,99.9,1232.1,1208.7,1220.4
2020-04-07 10:59:24,99.9,1232.4,1209.0,1220.7
2020-04-07 11:04:01,99.9,1231.9,1208.5,1220.2
2020-04-07 11:05:58,99.9,1232.6,1209.2,1220.9
2020-04-07 11:10:33,99.9,1232.8,1209.4,1221.1
2020-04-07 11:12:25,99.9,1233.2,1209.8,1221.5
2020-04-07 11:17:56,99.9,1233.8,1210.4,1222.1
2020-04-07 11:20:59,99.9,1234.3,1210.9,1222.6
2020-04-07 11:24:36,99.9,1234.3,1210.9,1222.6
2020-04-07 11:26:25,99.9,1234.4,1211.0,1222.7
2020-04-07 11:29:51,99.9,1233.9,1210.5,1222.2
2020-04-07 11:30:42,99.9,1234.0,1210.6,1222.3
2020-04-07 11:36:17,99.9,1234.7,1211.3,1223.0
2020-04-07 11:38:07,99.9,1234.1,1210.7,1222.4
2020-04-07 11:39:30,99.9,1233.8,1210.4,1222.1
2020-04-07 11:43:50,99.9,1233.4,1210.0,1221.7
2020-04-07 11:45:55,99.9,1233.3,1209.9,1221.6
2020-04-07 11:48:08,99.9,1234.3,1210.9,1222.6
2020-04-07 11:49:57,99.9,1234.3,1210.9,1222.6
2020-04-07 11:51:02,99.9,1234.6,1211.2,1222.9
2020-04-07 11:52:35,99.9,1234.9,1211.5,1223.2
2020-04-07 11:55:00,99.9,1235.3,1211.9,1223.6
2020-04-07 11:58:33,99.9,1235.0,1211.6,1223.3
2020-04-07 11:59:19,99.9,1234.6,1211.2,1222.9
2020-04-07 12:00:47,99.9,1235.1,1211.7,1223.4
2020-04-07 12:05:45,99.9,1234.3,1210.9,1222.6
2020-04-07 12:14:08,99.9,1234.6,1211.2,1222.9
2020-04-07 12:15:41,99.9,1235.0,1211.6,1223.3
2020-04-07 12:19:32,99.9,1235.1,1211.7,1223.4
2020-04-07 12:21:22,99.9,1234.8,1211.4,1223.1
2020-04-07 12:24:44,99.9,1234.4,1211.0,1222.7
2020-04-07 12:27:47,99.9,1234.6,1211.2,1222.9
2020-04-07 12:29:11,99.9,1234.2,1210.8,1222.5
2020-04-07 12:33:10,99.9,1234.9,1211.5,1223.2
2020-04-07 12:34:46,99.9,1235.1,1211.7,1223.4
2020-04-07 12:45:06,99.9,1235.5,1212.1,1223.8
2020-04-07 12:46:42,99.9,1236.3,1212.9,1224.6
2020-04-07 12:47:50,99.9,1236.0,1212.6,1224.3
2020-04-07 12:55:15,99.9,1236.5,1213.1,1224.8
2020-04-07 12:56:41,99.9,1236.2,1212.8,1224.5
2020-04-07 13:03:00,99.9,1235.8,1212.4,1224.1
2020-04-07 13:07:37,99.9,1236.1,1212.7,1224.4
2020-04-07 13:14:36,99.9,1236.5,1213.1,1224.8
2020-04-07 13:18:07,99.9,1236.2,1212.8,1224.5
2020-04-07 13:19:23,99.9,1235.9,1212.5,1224.2
2020-04-07 13:20:58,99.9,1236.1,1212.7,1224.4
2020-04-07 13:22:39,99.9,1235.7,1212.3,1224.0
2020-04-07 13:27:40,99.9,1235.8,1212.4,1224.1
2020-04-07 13:28:10,99.9,1236.1,1212.7,1224.4
2020-04-07 13:30:49,99.9,1235.9,1212.5,1224.2
2020-04-07 13:31:51,99.9,1236.1,1212.7,1224.4
2020-04-07 13:32:56,99.9,1236.4,1213.0,1224.7
2020-04-07 13:36:33,99.9,1236.0,1212.6,1224.3
2020-04-07 13:38:54,99.9,1235.7,1212.3,1224.0
2020-04-07 13:40:51,99.9,1235.3,1211.9,1223.6
2020-04-07 13:44:00,99.9,1235.9,1212.5,1224.2
2020-04-07 13:45:42,99.9,1235.6,1212.2,1223.9
2020-04-07 13:49:58,99.9,1235.3,1211.9,1223.6
2020-04-07 13:50:53,99.9,1234.7,1211.3,1223.0
2020-04-07 13:52:03,99.9,1234.7,1211.3,1223.0
2020-04-07 13:53:48,99.9,1235.1,1211.7,1223.4
2020-04-07 13:54:22,99.9,1235.3,1211.9,1223.6
2020-04-07 13:58:43,99.9,1235.2,1211.8,1223.5
2020-04-07 13:59:39,99.9,1234.8,1211.4,1223.1
2020-04-07 14:00:19,99.9,1234.4,1211.0,1222.7
2020-04-07 14:02:14,99.9,1235.4,1212.0,1223.7
2020-04-07 14:06:01,99.9,1235.0,1211.6,1223.3
2020-04-07 14:11:08,99.9,1235.4,1212.0,1223.7
2020-04-07 14:12:21,99.9,1235.8,1212.4,1224.1
2020-04-07 14:13:14,99.9,1235.4,1212.0,1223.7
2020-04-07 14:14:02,99.9,1235.8,1212.4,1224.1
2020-04-07 14:18:26,99.9,1235.3,1211.9,1223.6
2020-04-07 14:22:25,99.9,1235.5,1212.1,1223.8
2020-04-07 14:36:00,99.9,1235.1,1211.7,1223.4
2020-04-07 14:42:47,99.9,1235.1,1211.7,1223.4
2020-04-07 14:44:06,99.9,1234.7,1211.3,1223.0
2020-04-07 14:47:00,99.9,1234.2,1210.8,1222.5
2020-04-07 14:49:36,99.9,1234.5,1211.1,1222.8
2020-04-07 14:50:50,99.9,1234.7,1211.3,1223.0
2020-04-07 14:52:01,99.9,1234.8,1211.4,1223.1
2020-04-07 14:56:41,99.9,1234.4,1211.0,1222.7
2020-04-07 14:58:08,99.9,1234.6,1211.2,1222.9
2020-04-07 14:58:59,99.9,1235.1,1211.7,1223.4
2020-04-07 14:59:57,99.9,1235.5,1212.1,1223.8
2020-04-07 15:01:25,99.9,1235.1,1211.7,1223.4
2020-04-07 15:04:57,99.9,1234.7,1211.3,1223.0
2020-04-07 15:05:51,99.9,1234.9,1211.5,1223.2
2020-04-07 15:08:55,99.9,1234.9,1211.5,1223.2
2020-04-07 15:14:56,99.9,1234.5,1211.1,1222.8
2020-04-07 15:16:08,99.9,1234.1,1210.7,1222.4
2020-04-07 15:17:28,99.9,1233.6,1210.2,1221.9
2020-04-07 15:18:31,99.9,1233.2,1209.8,1221.5
2020-04-07 15:19:55,99.9,1232.9,1209.5,1221.2
2020-04-07 15:21:39,99.9,1233.0,1209.6,1221.3
2020-04-07 15:23:20,99.9,1232.8,1209.4,1221.1
2020-04-07 15:24:19,99.9,1232.5,1209.1,1220.8
2020-04-07 15:24:49,99.9,1232.1,1208.7,1220.4
2020-04-07 15:25:23,99.9,1231.7,1208.3,1220.0
2020-04-07 15:26:27,99.9,1232.4,1209.0,1220.7
2020-04-07 15:28:21,99.9,1232.3,1208.9,1220.6
2020-04-07 15:28:49,99.9,1232.6,1209.2,1220.9
2020-04-07 15:31:30,99.9,1232.9,1209.5,1221.2
2020-04-07 15:32:08,99.9,1233.2,1209.8,1221.5
2020-04-07 15:45:35,99.9,1232.7,1209.3,1221.0
2020-04-07 15:51:50,99.9,1232.7,1209.3,1221.0
2020-04-07 16:05:50,99.9,1231.7,1208.3,1220.0
2020-04-07 16:12:36,99.9,1231.7,1208.3,1220.0
2020-04-07 16:16:23,99.9,1231.7,1208.3,1220.0
2020-04-07 16:21:32,99.9,1230.1,1206.9,1218.5
2020-04-07 16:35:29,99.9,1230.1,1206.9,1218.5
2020-04-07 16:39:30,99.9,1229.1,1205.9,1217.5
2020-04-07 16:48:24,99.9,1229.1,1205.9,1217.5
2020-04-07 16:54:08,99.9,1227.6,1204.4,1216.0
2020-04-07 16:58:41,99.9,1227.6,1204.4,1216.0
2020-04-08 08:26:28,100.12,1227.1,1203.9,1215.5
2020-04-08 08:33:21,100.12,1227.1,1203.9,1215.5
2020-04-08 08:40:57,100.12,1227.1,1203.9,1215.5
2020-04-08 08:46:21,100.12,1227.1,1203.9,1215.5
2020-04-08 08:51:32,100.12,1227.1,1203.9,1215.5
2020-04-08 08:57:35,100.12,1227.1,1203.9,1215.5
2020-04-08 09:00:46,100.12,1227.7,1204.5,1216.1
2020-04-08 09:01:16,100.12,1228.9,1205.7,1217.3
2020-04-08 09:03:00,100.12,1229.2,1206.0,1217.6
2020-04-08 09:03:40,100.12,1229.7,1206.5,1218.1
2020-04-08 09:05:17,100.12,1230.5,1207.1,1218.8
2020-04-08 09:07:10,100.12,1230.8,1207.4,1219.1
2020-04-08 09:11:05,100.12,1231.3,1207.9,1219.6
2020-04-08 09:11:48,100.12,1231.5,1208.1,1219.8
2020-04-08 09:14:11,100.12,1231.5,1208.1,1219.8
2020-04-08 09:14:59,100.12,1231.9,1208.5,1220.2
2020-04-08 09:15:58,100.12,1232.2,1208.8,1220.5
2020-04-08 09:17:19,100.12,1232.5,1209.1,1220.8
2020-04-08 09:18:57,100.12,1232.3,1208.9,1220.6
2020-04-08 09:22:13,100.12,1232.3,1208.9,1220.6
2020-04-08 09:29:05,100.12,1232.5,1209.1,1220.8
2020-04-08 09:33:29,100.12,1233.0,1209.6,1221.3
2020-04-08 09:34:19,100.12,1234.0,1210.6,1222.3
2020-04-08 09:34:45,100.12,1233.4,1210.0,1221.7
2020-04-08 09:44:57,100.12,1233.3,1209.9,1221.6
2020-04-08 09:46:24,100.12,1233.4,1210.0,1221.7
2020-04-08 09:48:05,100.12,1232.9,1209.5,1221.2
2020-04-08 09:50:41,100.12,1233.0,1209.6,1221.3
2020-04-08 09:51:10,100.12,1233.2,1209.8,1221.5
2020-04-08 09:54:00,100.12,1232.8,1209.4,1221.1
2020-04-08 10:01:08,100.12,1233.2,1209.8,1221.5
2020-04-08 10:04:10,100.12,1232.0,1208.6,1220.3
2020-04-08 10:06:41,100.12,1232.3,1208.9,1220.6
2020-04-08 10:09:20,100.12,1232.2,1208.8,1220.5
2020-04-08 10:15:35,100.12,1232.5,1209.1,1220.8
2020-04-08 10:17:36,100.12,1231.5,1208.1,1219.8
2020-04-08 10:18:00,100.12,1230.8,1207.4,1219.1
2020-04-08 10:18:25,100.12,1231.2,1207.8,1219.5
2020-04-08 10:19:37,100.12,1230.8,1207.4,1219.1
2020-04-08 10:20:03,100.12,1230.3,1207.1,1218.7
2020-04-08 10:23:22,100.12,1230.6,1207.2,1218.9
2020-04-08 10:23:55,100.12,1230.9,1207.5,1219.2
2020-04-08 10:24:55,100.12,1230.6,1207.2,1218.9
2020-04-08 10:26:51,100.12,1229.4,1206.2,1217.8
2020-04-08 10:27:22,100.12,1229.6,1206.4,1218.0
2020-04-08 10:30:46,100.12,1229.8,1206.6,1218.2
2020-04-08 10:32:54,100.12,1230.5,1207.1,1218.8
2020-04-08 10:34:33,100.12,1230.7,1207.3,1219.0
2020-04-08 10:38:27,100.12,1231.0,1207.6,1219.3
2020-04-08 10:45:29,100.12,1230.6,1207.2,1218.9
2020-04-08 10:46:46,100.12,1231.5,1208.1,1219.8
2020-04-08 10:47:25,100.12,1232.2,1208.8,1220.5
2020-04-08 10:47:56,100.12,1231.7,1208.3,1220.0
2020-04-08 10:58:46,100.12,1231.9,1208.5,1220.2
2020-04-08 10:59:41,100.12,1232.5,1209.1,1220.8
2020-04-08 11:01:55,100.12,1231.8,1208.4,1220.1
2020-04-08 11:04:10,100.12,1231.4,1208.0,1219.7
2020-04-08 11:04:42,100.12,1231.1,1207.7,1219.4
2020-04-08 11:06:12,100.12,1230.9,1207.5,1219.2
2020-04-08 11:09:34,100.12,1231.2,1207.8,1219.5
2020-04-08 11:17:04,100.12,1231.3,1207.9,1219.6
2020-04-08 11:18:32,100.12,1231.6,1208.2,1219.9
2020-04-08 11:21:52,100.12,1231.7,1208.3,1220.0
2020-04-08 11:29:52,100.12,1231.6,1208.2,1219.9
2020-04-08 11:31:29,100.12,1231.3,1207.9,1219.6
2020-04-08 11:38:48,100.12,1231.0,1207.6,1219.3
2020-04-08 11:40:04,100.12,1231.4,1208.0,1219.7
2020-04-08 11:42:29,100.12,1231.7,1208.3,1220.0
2020-04-08 11:53:34,100.12,1232.1,1208.7,1220.4
2020-04-08 11:54:33,100.12,1232.4,1209.0,1220.7
2020-04-08 11:59:01,100.12,1232.1,1208.7,1220.4
2020-04-08 12:00:07,100.12,1232.6,1209.2,1220.9
2020-04-08 12:07:00,100.12,1233.0,1209.6,1221.3
2020-04-08 12:09:42,100.12,1233.1,1209.7,1221.4
2020-04-08 12:10:40,100.12,1232.9,1209.5,1221.2
2020-04-08 12:15:11,100.12,1233.6,1210.2,1221.9
2020-04-08 12:25:08,100.12,1233.1,1209.7,1221.4
2020-04-08 12:25:39,100.12,1232.7,1209.3,1221.0
2020-04-08 12:28:17,100.12,1232.3,1208.9,1220.6
2020-04-08 12:30:47,100.12,1232.7,1209.3,1221.0
2020-04-08 12:34:10,100.12,1232.4,1209.0,1220.7
2020-04-08 12:35:21,100.12,1232.8,1209.4,1221.1
2020-04-08 12:37:16,100.12,1232.2,1208.8,1220.5
2020-04-08 12:39:01,100.12,1232.5,1209.1,1220.8
2020-04-08 12:40:11,100.12,1232.0,1208.6,1220.3
2020-04-08 12:43:16,100.12,1232.4,1209.0,1220.7
2020-04-08 12:46:33,100.12,1232.0,1208.6,1220.3
2020-04-08 12:49:50,100.12,1231.5,1208.1,1219.8
2020-04-08 12:54:33,100.12,1231.9,1208.5,1220.2
2020-04-08 12:56:23,100.12,1232.3,1208.9,1220.6
2020-04-08 13:09:25,100.12,1232.0,1208.6,1220.3
2020-04-08 13:16:12,100.12,1231.3,1207.9,1219.6
2020-04-08 13:17:29,100.12,1230.8,1207.4,1219.1
2020-04-08 13:19:10,100.12,1230.5,1207.1,1218.8
2020-04-08 13:21:13,100.12,1230.2,1207.0,1218.6
2020-04-08 13:22:34,100.12,1230.6,1207.2,1218.9
2020-04-08 13:28:14,100.12,1230.9,1207.5,1219.2
2020-04-08 13:37:34,100.12,1231.1,1207.7,1219.4
2020-04-08 13:41:13,100.12,1231.1,1207.7,1219.4
2020-04-08 13:44:16,100.12,1230.9,1207.5,1219.2
2020-04-08 13:46:04,100.12,1230.6,1207.2,1218.9
2020-04-08 13:49:28,100.12,1230.8,1207.4,1219.1
2020-04-08 13:50:40,100.12,1231.0,1207.6,1219.3
2020-04-08 13:51:15,100.12,1230.7,1207.3,1219.0
2020-04-08 13:52:29,100.12,1230.2,1207.0,1218.6
2020-04-08 13:59:24,100.12,1230.6,1207.2,1218.9
2020-04-08 14:02:17,100.12,1230.8,1207.4,1219.1
2020-04-08 14:07:16,100.12,1230.7,1207.3,1219.0
2020-04-08 14:08:04,100.12,1230.2,1207.0,1218.6
2020-04-08 14:08:36,100.12,1229.6,1206.4,1218.0
2020-04-08 14:11:10,100.12,1229.8,1206.6,1218.2
2020-04-08 14:11:48,100.12,1229.5,1206.3,1217.9
2020-04-08 14:12:59,100.12,1229.5,1206.3,1217.9
2020-04-08 14:14:51,100.12,1229.1,1205.9,1217.5
2020-04-08 14:15:50,100.12,1228.8,1205.6,1217.2
2020-04-08 14:19:18,100.12,1229.0,1205.8,1217.4
2020-04-08 14:26:38,100.12,1229.3,1206.1,1217.7
2020-04-08 14:29:00,100.12,1229.4,1206.2,1217.8
2020-04-08 14:32:43,100.12,1229.6,1206.4,1218.0
2020-04-08 14:34:08,100.12,1230.1,1206.9,1218.5
2020-04-08 14:36:58,100.12,1229.4,1206.2,1217.8
2020-04-08 14:37:48,100.12,1229.9,1206.7,1218.3
2020-04-08 14:39:37,100.12,1230.3,1207.1,1218.7
2020-04-08 14:49:44,100.12,1230.0,1206.8,1218.4
2020-04-08 14:53:34,100.12,1229.5,1206.3,1217.9
2020-04-08 14:55:13,100.12,1229.7,1206.5,1218.1
2020-04-08 14:58:22,100.12,1229.4,1206.2,1217.8
2020-04-08 15:00:23,100.12,1228.9,1205.7,1217.3
2020-04-08 15:01:00,100.12,1229.7,1206.5,1218.1
2020-04-08 15:02:37,100.12,1230.7,1207.3,1219.0
2020-04-08 15:03:48,100.12,1231.2,1207.8,1219.5
2020-04-08 15:04:38,100.12,1231.8,1208.4,1220.1
2020-04-08 15:06:12,100.12,1232.1,1208.7,1220.4
2020-04-08 15:06:59,100.12,1232.4,1209.0,1220.7
2020-04-08 15:07:31,100.12,1232.0,1208.6,1220.3
2020-04-08 15:09:25,100.12,1232.3,1208.9,1220.6
2020-04-08 15:11:27,100.12,1231.4,1208.0,1219.7
2020-04-08 15:12:33,100.12,1231.8,1208.4,1220.1
2020-04-08 15:13:21,100.12,1231.6,1208.2,1219.9
2020-04-08 15:14:18,100.12,1231.3,1207.9,1219.6
2020-04-08 15:16:50,100.12,1231.8,1208.4,1220.1
2020-04-08 15:17:30,100.12,1231.9,1208.5,1220.2
2020-04-08 15:17:59,100.12,1232.2,1208.8,1220.5
2020-04-08 15:18:26,100.12,1232.6,1209.2,1220.9
2020-04-08 15:20:14,100.12,1232.7,1209.3,1221.0
2020-04-08 15:22:18,100.12,1232.4,1209.0,1220.7
2020-04-08 15:22:48,100.12,1232.6,1209.2,1220.9
2020-04-08 15:24:24,100.12,1232.9,1209.5,1221.2
2020-04-08 15:25:02,100.12,1233.6,1210.2,1221.9
2020-04-08 15:27:24,100.12,1233.2,1209.8,1221.5
2020-04-08 15:28:22,100.12,1232.6,1209.2,1220.9
2020-04-08 15:31:46,100.12,1232.6,1209.2,1220.9
2020-04-08 15:33:31,100.12,1232.7,1209.3,1221.0
2020-04-08 15:38:47,100.12,1233.2,1209.8,1221.5
2020-04-08 15:41:16,100.12,1233.7,1210.3,1222.0
2020-04-08 15:46:25,100.12,1233.2,1209.8,1221.5
2020-04-08 15:55:21,100.12,1232.7,1209.3,1221.0
2020-04-08 16:05:07,100.12,1231.7,1208.3,1220.0
2020-04-08 16:12:19,100.12,1231.2,1207.8,1219.5
2020-04-08 16:24:19,100.12,1231.2,1207.8,1219.5
2020-04-08 16:47:18,100.12,1231.2,1207.8,1219.5
2020-04-08 16:55:47,100.12,1231.7,1208.3,1220.0
2020-04-09 08:28:24,99.52,1227.1,1203.9,1215.5
2020-04-09 08:35:39,99.52,1227.1,1203.9,1215.5
2020-04-09 08:41:00,99.52,1227.1,1203.9,1215.5
2020-04-09 08:45:38,99.52,1227.1,1203.9,1215.5
2020-04-09 08:48:49,99.52,1227.1,1203.9,1215.5
2020-04-09 08:56:28,99.52,1227.1,1203.9,1215.5
2020-04-09 08:59:04,99.52,1227.1,1203.9,1215.5
2020-04-09 09:00:44,99.52,1226.5,1203.3,1214.9
2020-04-09 09:01:08,99.52,1226.0,1202.8,1214.4
2020-04-09 09:01:52,99.52,1227.0,1203.8,1215.4
2020-04-09 09:03:48,99.52,1226.6,1203.4,1215.0
2020-04-09 09:04:20,99.52,1226.1,1202.9,1214.5
2020-04-09 09:04:56,99.52,1225.3,1202.1,1213.7
2020-04-09 09:05:33,99.52,1225.7,1202.5,1214.1
2020-04-09 09:06:06,99.52,1226.0,1202.8,1214.4
2020-04-09 09:06:43,99.52,1226.4,1203.2,1214.8
2020-04-09 09:09:01,99.52,1226.1,1202.9,1214.5
2020-04-09 09:11:26,99.52,1225.9,1202.7,1214.3
2020-04-09 09:12:02,99.52,1226.2,1203.0,1214.6
2020-04-09 09:13:09,99.52,1225.9,1202.7,1214.3
2020-04-09 09:13:35,99.52,1225.3,1202.1,1213.7
2020-04-09 09:14:12,99.52,1225.0,1201.8,1213.4
2020-04-09 09:15:40,99.52,1224.8,1201.6,1213.2
2020-04-09 09:17:40,99.52,1224.5,1201.3,1212.9
2020-04-09 09:18:40,99.52,1224.5,1201.3,1212.9
2020-04-09 09:20:14,99.52,1225.0,1201.8,1213.4
2020-04-09 09:20:56,99.52,1225.2,1202.0,1213.6
2020-04-09 09:22:40,99.52,1225.4,1202.2,1213.8
2020-04-09 09:23:36,99.52,1225.7,1202.5,1214.1
2020-04-09 09:24:34,99.52,1225.9,1202.7,1214.3
2020-04-09 09:25:43,99.52,1226.6,1203.4,1215.0
2020-04-09 09:27:04,99.52,1226.9,1203.7,1215.3
2020-04-09 09:28:38,99.52,1226.6,1203.4,1215.0
2020-04-09 09:29:31,99.52,1226.2,1203.0,1214.6
2020-04-09 09:30:23,99.52,1226.0,1202.8,1214.4
2020-04-09 09:31:23,99.52,1226.2,1203.0,1214.6
2020-04-09 09:32:06,99.52,1226.6,1203.4,1215.0
2020-04-09 09:35:08,99.52,1226.3,1203.1,1214.7
2020-04-09 09:36:58,99.52,1226.0,1202.8,1214.4
2020-04-09 09:37:33,99.52,1226.6,1203.4,1215.0
2020-04-09 09:38:26,99.52,1225.9,1202.7,1214.3
2020-04-09 09:39:53,99.52,1226.2,1203.0,1214.6
2020-04-09 09:42:38,99.52,1225.8,1202.6,1214.2
2020-04-09 09:49:28,99.52,1225.4,1202.2,1213.8
2020-04-09 09:50:40,99.52,1225.6,1202.4,1214.0
2020-04-09 09:51:08,99.52,1225.1,1201.9,1213.5
2020-04-09 09:51:52,99.52,1224.2,1201.0,1212.6
2020-04-09 09:54:00,99.52,1224.3,1201.1,1212.7
2020-04-09 09:55:20,99.52,1224.5,1201.3,1212.9
2020-04-09 09:57:18,99.52,1224.9,1201.7,1213.3
2020-04-09 10:02:07,99.52,1225.0,1201.8,1213.4
2020-04-09 10:03:15,99.52,1224.4,1201.2,1212.8
2020-04-09 10:05:43,99.52,1224.7,1201.5,1213.1
2020-04-09 10:06:12,99.52,1225.0,1201.8,1213.4
2020-04-09 10:07:09,99.52,1224.6,1201.4,1213.0
2020-04-09 10:11:01,99.52,1225.0,1201.8,1213.4
2020-04-09 10:15:02,99.52,1225.2,1202.0,1213.6
2020-04-09 10:16:28,99.52,1225.4,1202.2,1213.8
2020-04-09 10:22:56,99.52,1225.6,1202.4,1214.0
2020-04-09 10:25:07,99.52,1226.1,1202.9,1214.5
2020-04-09 10:27:25,99.52,1226.3,1203.1,1214.7
2020-04-09 10:29:50,99.52,1226.6,1203.4,1215.0
2020-04-09 10:33:53,99.52,1226.5,1203.3,1214.9
2020-04-09 10:35:16,99.52,1227.0,1203.8,1215.4
2020-04-09 10:38:15,99.52,1226.7,1203.5,1215.1
2020-04-09 10:39:44,99.52,1227.3,1204.1,1215.7
2020-04-09 10:40:26,99.52,1227.6,1204.4,1216.0
2020-04-09 10:41:05,99.52,1227.8,1204.6,1216.2
2020-04-09 10:42:19,99.52,1228.1,1204.9,1216.5
2020-04-09 10:45:39,99.52,1227.3,1204.1,1215.7
2020-04-09 10:53:14,99.52,1227.1,1203.9,1215.5
2020-04-09 11:00:00,99.52,1227.6,1204.4,1216.0
2020-04-09 11:02:09,99.52,1227.3,1204.1,1215.7
2020-04-09 11:05:53,99.52,1227.5,1204.3,1215.9
2020-04-09 11:09:58,99.52,1227.0,1203.8,1215.4
2020-04-09 11:15:25,99.52,1227.2,1204.0,1215.6
2020-04-09 11:18:47,99.52,1226.8,1203.6,1215.2
2020-04-09 11:20:52,99.52,1227.4,1204.2,1215.8
2020-04-09 11:24:41,99.52,1226.9,1203.7,1215.3
2020-04-09 11:28:12,99.52,1227.6,1204.4,1216.0
2020-04-09 11:31:13,99.52,1227.7,1204.5,1216.1
2020-04-09 11:33:30,99.52,1227.8,1204.6,1216.2
2020-04-09 11:36:20,99.52,1228.0,1204.8,1216.4
2020-04-09 11:39:01,99.52,1228.0,1204.8,1216.4
2020-04-09 11:43:27,99.52,1228.5,1205.3,1216.9
2020-04-09 11:50:32,99.52,1228.8,1205.6,1217.2
2020-04-09 11:53:46,99.52,1229.0,1205.8,1217.4
2020-04-09 11:58:13,99.52,1228.9,1205.7,1217.3
2020-04-09 11:59:09,99.52,1228.6,1205.4,1217.0
2020-04-09 12:00:05,99.52,1228.4,1205.2,1216.8
2020-04-09 12:01:55,99.52,1228.3,1205.1,1216.7
2020-04-09 12:04:49,99.52,1228.7,1205.5,1217.1
2020-04-09 12:05:59,99.52,1228.5,1205.3,1216.9
2020-04-09 12:09:32,99.52,1228.7,1205.5,1217.1
2020-04-09 12:11:15,99.52,1228.5,1205.3,1216.9
2020-04-09 12:14:13,99.52,1228.3,1205.1,1216.7
2020-04-09 12:22:46,99.52,1228.0,1204.8,1216.4
2020-04-09 12:25:25,99.52,1227.9,1204.7,1216.3
2020-04-09 12:26:13,99.52,1227.6,1204.4,1216.0
2020-04-09 12:29:45,99.52,1227.4,1204.2,1215.8
2020-04-09 12:32:03,99.52,1227.9,1204.7,1216.3
2020-04-09 12:34:48,99.52,1227.6,1204.4,1216.0
2020-04-09 12:38:53,99.52,1227.1,1203.9,1215.5
2020-04-09 12:40:43,99.52,1227.5,1204.3,1215.9
2020-04-09 12:45:11,99.52,1227.8,1204.6,1216.2
2020-04-09 12:48:35,99.52,1227.0,1203.8,1215.4
2020-04-09 12:52:42,99.52,1227.3,1204.1,1215.7
2020-04-09 12:53:14,99.52,1227.6,1204.4,1216.0
2020-04-09 12:54:56,99.52,1227.5,1204.3,1215.9
2020-04-09 12:58:00,99.52,1227.8,1204.6,1216.2
2020-04-09 13:02:34,99.52,1228.1,1204.9,1216.5
2020-04-09 13:16:50,99.52,1228.3,1205.1,1216.7
2020-04-09 13:19:45,99.52,1228.4,1205.2,1216.8
2020-04-09 13:32:24,99.52,1228.7,1205.5,1217.1
2020-04-09 13:42:09,99.52,1228.2,1205.0,1216.6
2020-04-09 13:47:32,99.52,1228.6,1205.4,1217.0
2020-04-09 13:54:12,99.52,1228.9,1205.7,1217.3
2020-04-09 13:54:36,99.52,1229.3,1206.1,1217.7
2020-04-09 13:58:49,99.52,1229.0,1205.8,1217.4
2020-04-09 14:01:50,99.52,1229.7,1206.5,1218.1
2020-04-09 14:04:51,99.52,1230.1,1206.9,1218.5
2020-04-09 14:06:28,99.52,1230.2,1207.0,1218.6
2020-04-09 14:10:05,99.52,1230.7,1207.3,1219.0
2020-04-09 14:10:59,99.52,1230.8,1207.4,1219.1
2020-04-09 14:12:02,99.52,1230.9,1207.5,1219.2
2020-04-09 14:12:53,99.52,1231.0,1207.6,1219.3
2020-04-09 14:16:45,99.52,1231.3,1207.9,1219.6
2020-04-09 14:20:44,99.52,1231.8,1208.4,1220.1
2020-04-09 14:21:12,99.52,1232.0,1208.6,1220.3
2020-04-09 14:23:47,99.52,1231.5,1208.1,1219.8
2020-04-09 14:26:06,99.52,1231.2,1207.8,1219.5
2020-04-09 14:27:27,99.52,1230.6,1207.2,1218.9
2020-04-09 14:27:57,99.52,1231.1,1207.7,1219.4
2020-04-09 14:31:27,99.52,1231.5,1208.1,1219.8
2020-04-09 14:32:52,99.52,1231.8,1208.4,1220.1
2020-04-09 14:39:35,99.52,1231.5,1208.1,1219.8
2020-04-09 14:42:39,99.52,1231.2,1207.8,1219.5
2020-04-09 14:43:34,99.52,1231.0,1207.6,1219.3
2020-04-09 14:46:50,99.52,1231.5,1208.1,1219.8
2020-04-09 14:47:32,99.52,1231.8,1208.4,1220.1
2020-04-09 14:53:16,99.52,1232.5,1209.1,1220.8
2020-04-09 15:00:48,99.52,1232.7,1209.3,1221.0
2020-04-09 15:01:18,99.52,1232.4,1209.0,1220.7
2020-04-09 15:03:06,99.52,1232.8,1209.4,1221.1
2020-04-09 15:03:42,99.52,1233.1,1209.7,1221.4
2020-04-09 15:05:46,99.52,1232.6,1209.2,1220.9
2020-04-09 15:08:07,99.52,1233.1,1209.7,1221.4
2020-04-09 15:10:14,99.52,1233.2,1209.8,1221.5
2020-04-09 15:12:29,99.52,1232.5,1209.1,1220.8
2020-04-09 15:16:56,99.52,1232.3,1208.9,1220.6
2020-04-09 15:18:45,99.52,1232.5,1209.1,1220.8
2020-04-09 15:20:12,99.52,1232.2,1208.8,1220.5
2020-04-09 15:20:42,99.52,1231.6,1208.2,1219.9
2020-04-09 15:21:22,99.52,1231.9,1208.5,1220.2
2020-04-09 15:25:27,99.52,1231.5,1208.1,1219.8
2020-04-09 15:31:35,99.52,1231.2,1207.8,1219.5
2020-04-09 15:37:49,99.52,1231.2,1207.8,1219.5
2020-04-09 15:50:07,99.52,1230.7,1207.3,1219.0
2020-04-09 15:59:28,99.52,1230.1,1206.9,1218.5
2020-04-09 16:12:01,99.52,1230.1,1206.9,1218.5
2020-04-09 16:44:59,99.52,1230.1,1206.9,1218.5
2020-04-09 16:54:25,99.52,1229.6,1206.4,1218.0
2020-04-10 08:42:24,99.52,1222.1,1198.9,1210.5
2020-04-10 08:48:54,99.52,1222.1,1198.9,1210.5
2020-04-10 09:00:52,99.52,1222.6,1199.4,1211.0
2020-04-10 09:01:24,99.52,1223.1,1199.9,1211.5
2020-04-10 09:01:54,99.52,1224.1,1200.9,1212.5
2020-04-10 09:04:37,99.52,1223.8,1200.6,1212.2
2020-04-10 09:05:15,99.52,1223.3,1200.1,1211.7
2020-04-10 09:06:35,99.52,1222.9,1199.7,1211.3
2020-04-10 09:08:24,99.52,1223.5,1200.3,1211.9
2020-04-10 09:08:55,99.52,1223.7,1200.5,1212.1
2020-04-10 09:10:17,99.52,1224.0,1200.8,1212.4
2020-04-10 09:10:41,99.52,1224.7,1201.5,1213.1
2020-04-10 09:12:03,99.52,1224.9,1201.7,1213.3
2020-04-10 09:12:51,99.52,1224.5,1201.3,1212.9
2020-04-10 09:13:28,99.52,1224.1,1200.9,1212.5
2020-04-10 09:14:16,99.52,1224.5,1201.3,1212.9
2020-04-10 09:15:24,99.52,1224.9,1201.7,1213.3
2020-04-10 09:16:31,99.52,1224.8,1201.6,1213.2
2020-04-10 09:18:55,99.52,1225.1,1201.9,1213.5
2020-04-10 09:19:54,99.52,1225.3,1202.1,1213.7
2020-04-10 09:20:22,99.52,1225.8,1202.6,1214.2
2020-04-10 09:21:26,99.52,1226.0,1202.8,1214.4
2020-04-10 09:23:18,99.52,1225.8,1202.6,1214.2
2020-04-10 09:23:54,99.52,1225.5,1202.3,1213.9
2020-04-10 09:27:31,99.52,1225.8,1202.6,1214.2
2020-04-10 09:28:17,99.52,1225.4,1202.2,1213.8
2020-04-10 09:29:14,99.52,1225.2,1202.0,1213.6
2020-04-10 09:32:28,99.52,1224.7,1201.5,1213.1
2020-04-10 09:33:07,99.52,1225.1,1201.9,1213.5
2020-04-10 09:34:27,99.52,1225.5,1202.3,1213.9
2020-04-10 09:37:32,99.52,1225.8,1202.6,1214.2
2020-04-10 09:38:07,99.52,1226.0,1202.8,1214.4
2020-04-10 09:39:50,99.52,1225.5,1202.3,1213.9
2020-04-10 09:40:34,99.52,1225.7,1202.5,1214.1
2020-04-10 09:41:46,99.52,1226.2,1203.0,1214.6
2020-04-10 09:42:23,99.52,1225.8,1202.6,1214.2
2020-04-10 09:44:10,99.52,1226.1,1202.9,1214.5
2020-04-10 09:47:27,99.52,1226.3,1203.1,1214.7
2020-04-10 09:50:01,99.52,1226.2,1203.0,1214.6
2020-04-10 09:52:34,99.52,1226.0,1202.8,1214.4
2020-04-10 09:54:19,99.52,1225.6,1202.4,1214.0
2020-04-10 09:56:13,99.52,1226.0,1202.8,1214.4
2020-04-10 10:03:44,99.52,1226.4,1203.2,1214.8
2020-04-10 10:10:01,99.52,1226.3,1203.1,1214.7
2020-04-10 10:13:13,99.52,1227.2,1204.0,1215.6
2020-04-10 10:14:56,99.52,1226.8,1203.6,1215.2
2020-04-10 10:16:51,99.52,1226.4,1203.2,1214.8
2020-04-10 10:20:09,99.52,1226.6,1203.4,1215.0
2020-04-10 10:29:53,99.52,1226.3,1203.1,1214.7
2020-04-10 10:42:51,99.52,1226.9,1203.7,1215.3
2020-04-10 10:44:59,99.52,1226.5,1203.3,1214.9
2020-04-10 10:47:10,99.52,1226.3,1203.1,1214.7
2020-04-10 10:47:50,99.52,1226.4,1203.2,1214.8
2020-04-10 10:48:37,99.52,1226.5,1203.3,1214.9
2020-04-10 10:52:13,99.52,1226.6,1203.4,1215.0
2020-04-10 10:53:32,99.52,1227.1,1203.9,1215.5
2020-04-10 10:54:48,99.52,1226.9,1203.7,1215.3
2020-04-10 11:02:55,99.52,1227.2,1204.0,1215.6
2020-04-10 11:04:38,99.52,1226.8,1203.6,1215.2
2020-04-10 11:08:05,99.52,1227.1,1203.9,1215.5
2020-04-10 11:10:32,99.52,1226.8,1203.6,1215.2
2020-04-10 11:11:37,99.52,1226.5,1203.3,1214.9
2020-04-10 11:12:43,99.52,1226.5,1203.3,1214.9
2020-04-10 11:15:48,99.52,1226.8,1203.6,1215.2
2020-04-10 11:16:26,99.52,1227.0,1203.8,1215.4
2020-04-10 11:20:31,99.52,1226.5,1203.3,1214.9
2020-04-10 11:27:52,99.52,1226.8,1203.6,1215.2
2020-04-10 11:35:53,99.52,1226.6,1203.4,1215.0
2020-04-10 11:38:50,99.52,1225.9,1202.7,1214.3
2020-04-10 11:41:45,99.52,1225.0,1201.8,1213.4
2020-04-10 11:48:22,99.52,1224.6,1201.4,1213.0
2020-04-10 11:49:48,99.52,1223.8,1200.6,1212.2
2020-04-10 11:51:16,99.52,1223.1,1199.9,1211.5
2020-04-10 11:53:26,99.52,1222.8,1199.6,1211.2
2020-04-10 11:55:27,99.52,1222.8,1199.6,1211.2
2020-04-10 11:56:36,99.52,1222.2,1199.0,1210.6
2020-04-10 12:00:26,99.52,1223.0,1199.8,1211.4
2020-04-10 12:04:11,99.52,1222.4,1199.2,1210.8
2020-04-10 12:18:44,99.52,1222.8,1199.6,1211.2
2020-04-10 12:20:47,99.52,1223.1,1199.9,1211.5
2020-04-10 12:37:01,99.52,1222.4,1199.2,1210.8
2020-04-10 12:41:46,99.52,1222.2,1199.0,1210.6
2020-04-10 12:43:02,99.52,1222.5,1199.3,1210.9
2020-04-10 12:46:49,99.52,1222.8,1199.6,1211.2
2020-04-10 12:52:15,99.52,1222.0,1198.8,1210.4
2020-04-10 12:53:14,99.52,1222.5,1199.3,1210.9
2020-04-10 13:05:59,99.52,1222.5,1199.3,1210.9
2020-04-10 13:09:49,99.52,1222.8,1199.6,1211.2
2020-04-10 13:26:55,99.52,1222.7,1199.5,1211.1
2020-04-10 13:41:14,99.52,1222.5,1199.3,1210.9
2020-04-10 13:41:50,99.52,1222.3,1199.1,1210.7
2020-04-10 13:42:46,99.52,1222.4,1199.2,1210.8
2020-04-10 13:47:23,99.52,1222.1,1198.9,1210.5
2020-04-10 13:50:02,99.52,1222.5,1199.3,1210.9
2020-04-10 13:54:58,99.52,1222.6,1199.4,1211.0
2020-04-10 13:56:38,99.52,1222.8,1199.6,1211.2
2020-04-10 14:01:53,99.52,1222.4,1199.2,1210.8
2020-04-10 14:04:45,99.52,1222.6,1199.4,1211.0
2020-04-10 14:07:40,99.52,1222.3,1199.1,1210.7
2020-04-10 14:08:30,99.52,1222.6,1199.4,1211.0
2020-04-10 14:12:07,99.52,1222.2,1199.0,1210.6
2020-04-10 14:16:56,99.52,1222.1,1198.9,1210.5
2020-04-10 14:17:40,99.52,1221.8,1198.6,1210.2
2020-04-10 14:18:18,99.52,1221.9,1198.7,1210.3
2020-04-10 14:20:25,99.52,1221.6,1198.4,1210.0
2020-04-10 14:21:13,99.52,1221.5,1198.3,1209.9
2020-04-10 14:21:51,99.52,1221.2,1198.0,1209.6
2020-04-10 14:23:28,99.52,1220.7,1197.5,1209.1
2020-04-10 14:24:07,99.52,1220.1,1196.9,1208.5
2020-04-10 14:24:49,99.52,1220.3,1197.1,1208.7
2020-04-10 14:25:26,99.52,1220.3,1197.1,1208.7
2020-04-10 14:26:03,99.52,1220.5,1197.3,1208.9
2020-04-10 14:27:37,99.52,1220.9,1197.7,1209.3
2020-04-10 14:29:11,99.52,1220.5,1197.3,1208.9
2020-04-10 14:33:04,99.52,1220.2,1197.0,1208.6
2020-04-10 14:34:31,99.52,1220.4,1197.2,1208.8
2020-04-10 14:44:08,99.52,1220.6,1197.4,1209.0
2020-04-10 14:45:20,99.52,1220.9,1197.7,1209.3
2020-04-10 14:46:24,99.52,1221.4,1198.2,1209.8
2020-04-10 14:50:40,99.52,1220.9,1197.7,1209.3
2020-04-10 14:52:11,99.52,1221.1,1197.9,1209.5
2020-04-10 14:53:57,99.52,1221.4,1198.2,1209.8
2020-04-10 15:01:25,99.52,1221.1,1197.9,1209.5
2020-04-10 15:05:35,99.52,1220.6,1197.4,1209.0
2020-04-10 15:08:59,99.52,1220.2,1197.0,1208.6
2020-04-10 15:11:44,99.52,1219.1,1196.1,1207.6
2020-04-10 15:13:41,99.52,1219.1,1196.1,1207.6
2020-04-10 15:16:18,99.52,1219.5,1196.5,1208.0
2020-04-10 15:22:41,99.52,1219.2,1196.2,1207.7
2020-04-10 15:24:36,99.52,1218.7,1195.7,1207.2
2020-04-10 15:25:16,99.52,1218.5,1195.5,1207.0
2020-04-10 15:26:09,99.52,1218.9,1195.9,1207.4
2020-04-10 15:26:47,99.52,1219.2,1196.2,1207.7
2020-04-10 15:28:53,99.52,1219.8,1196.8,1208.3
2020-04-10 15:29:27,99.52,1219.4,1196.4,1207.9
2020-04-10 15:31:14,99.52,1220.4,1197.2,1208.8
2020-04-10 15:31:52,99.52,1220.6,1197.4,1209.0
2020-04-10 15:42:42,99.52,1221.1,1197.9,1209.5
2020-04-10 15:56:48,99.52,1221.6,1198.4,1210.0
2020-04-10 16:24:17,99.52,1222.1,1198.9,1210.5
2020-04-10 16:56:21,99.52,1222.6,1199.4,1211.0
2020-04-13 08:29:41,99.35,1222.6,1199.4,1211.0
2020-04-13 08:38:23,99.35,1222.6,1199.4,1211.0
2020-04-13 08:42:41,99.35,1222.6,1199.4,1211.0
2020-04-13 08:52:12,99.35,1222.6,1199.4,1211.0
2020-04-13 08:57:43,99.35,1222.6,1199.4,1211.0
2020-04-13 09:00:44,99.35,1225.6,1202.4,1214.0
2020-04-13 09:01:19,99.35,1226.6,1203.4,1215.0
2020-04-13 09:02:22,99.35,1227.1,1203.9,1215.5
2020-04-13 09:03:51,99.35,1227.4,1204.2,1215.8
2020-04-13 09:05:35,99.35,1227.8,1204.6,1216.2
2020-04-13 09:06:21,99.35,1228.1,1204.9,1216.5
2020-04-13 09:09:06,99.35,1227.7,1204.5,1216.1
2020-04-13 09:09:40,99.35,1227.5,1204.3,1215.9
2020-04-13 09:10:00,99.35,1227.8,1204.6,1216.2
2020-04-13 09:11:27,99.35,1228.1,1204.9,1216.5
2020-04-13 09:12:04,99.35,1228.4,1205.2,1216.8
2020-04-13 09:12:49,99.35,1227.9,1204.7,1216.3
2020-04-13 09:14:33,99.35,1227.3,1204.1,1215.7
2020-04-13 09:15:14,99.35,1227.6,1204.4,1216.0
2020-04-13 09:17:38,99.35,1228.1,1204.9,1216.5
2020-04-13 09:21:33,99.35,1228.6,1205.4,1217.0
2020-04-13 09:22:02,99.35,1229.3,1206.1,1217.7
2020-04-13 09:26:17,99.35,1229.5,1206.3,1217.9
2020-04-13 09:27:24,99.35,1230.0,1206.8,1218.4
2020-04-13 09:28:50,99.35,1229.7,1206.5,1218.1
2020-04-13 09:30:04,99.35,1229.6,1206.4,1218.0
2020-04-13 09:32:32,99.35,1229.3,1206.1,1217.7
2020-04-13 09:33:16,99.35,1229.6,1206.4,1218.0
2020-04-13 09:34:38,99.35,1229.9,1206.7,1218.3
2020-04-13 09:36:12,99.35,1229.7,1206.5,1218.1
2020-04-13 09:39:41,99.35,1229.9,1206.7,1218.3
2020-04-13 09:40:11,99.35,1230.1,1206.9,1218.5
2020-04-13 09:41:27,99.35,1230.3,1207.1,1218.7
2020-04-13 09:42:01,99.35,1230.9,1207.5,1219.2
2020-04-13 09:42:47,99.35,1231.1,1207.7,1219.4
2020-04-13 09:44:42,99.35,1231.0,1207.6,1219.3
2020-04-13 09:45:12,99.35,1230.6,1207.2,1218.9
2020-04-13 09:45:48,99.35,1231.0,1207.6,1219.3
2020-04-13 09:46:52,99.35,1231.3,1207.9,1219.6
2020-04-13 09:49:08,99.35,1231.5,1208.1,1219.8
2020-04-13 09:53:59,99.35,1231.3,1207.9,1219.6
2020-04-13 09:54:51,99.35,1231.5,1208.1,1219.8
2020-04-13 09:57:54,99.35,1231.6,1208.2,1219.9
2020-04-13 09:58:48,99.35,1231.5,1208.1,1219.8
2020-04-13 10:01:10,99.35,1231.3,1207.9,1219.6
2020-04-13 10:03:14,99.35,1231.5,1208.1,1219.8
2020-04-13 10:04:51,99.35,1231.9,1208.5,1220.2
2020-04-13 10:07:03,99.35,1232.1,1208.7,1220.4
2020-04-13 10:07:39,99.35,1232.4,1209.0,1220.7
2020-04-13 10:10:55,99.35,1232.0,1208.6,1220.3
2020-04-13 10:14:12,99.35,1231.6,1208.2,1219.9
2020-04-13 10:15:05,99.35,1231.7,1208.3,1220.0
2020-04-13 10:16:20,99.35,1231.3,1207.9,1219.6
2020-04-13 10:18:10,99.35,1231.7,1208.3,1220.0
2020-04-13 10:18:45,99.35,1231.3,1207.9,1219.6
2020-04-13 10:19:22,99.35,1230.8,1207.4,1219.1
2020-04-13 10:20:55,99.35,1230.7,1207.3,1219.0
2020-04-13 10:22:08,99.35,1230.5,1207.1,1218.8
2020-04-13 10:23:39,99.35,1230.9,1207.5,1219.2
2020-04-13 10:28:02,99.35,1231.2,1207.8,1219.5
2020-04-13 10:28:49,99.35,1231.5,1208.1,1219.8
2020-04-13 10:30:18,99.35,1231.2,1207.8,1219.5
2020-04-13 10:33:34,99.35,1231.6,1208.2,1219.9
2020-04-13 10:35:22,99.35,1231.0,1207.6,1219.3
2020-04-13 10:38:31,99.35,1230.8,1207.4,1219.1
2020-04-13 10:39:08,99.35,1230.5,1207.1,1218.8
2020-04-13 10:54:48,99.35,1230.5,1207.1,1218.8
2020-04-13 10:56:32,99.35,1230.2,1207.0,1218.6
2020-04-13 10:57:16,99.35,1230.5,1207.1,1218.8
2020-04-13 11:07:54,99.35,1230.6,1207.2,1218.9
2020-04-13 11:10:50,99.35,1230.9,1207.5,1219.2
2020-04-13 11:15:07,99.35,1230.3,1207.1,1218.7
2020-04-13 11:16:07,99.35,1230.7,1207.3,1219.0
2020-04-13 11:17:28,99.35,1230.3,1207.1,1218.7
2020-04-13 11:19:56,99.35,1230.0,1206.8,1218.4
2020-04-13 11:25:43,99.35,1229.8,1206.6,1218.2
2020-04-13 11:31:09,99.35,1229.6,1206.4,1218.0
2020-04-13 11:39:32,99.35,1229.3,1206.1,1217.7
2020-04-13 11:42:49,99.35,1229.4,1206.2,1217.8
2020-04-13 11:44:41,99.35,1229.9,1206.7,1218.3
2020-04-13 11:46:19,99.35,1230.5,1207.1,1218.8
2020-04-13 11:46:57,99.35,1230.9,1207.5,1219.2
2020-04-13 11:47:58,99.35,1231.1,1207.7,1219.4
2020-04-13 11:58:08,99.35,1230.7,1207.3,1219.0
2020-04-13 12:00:43,99.35,1229.9,1206.7,1218.3
2020-04-13 12:09:11,99.35,1230.1,1206.9,1218.5
2020-04-13 12:12:47,99.35,1230.5,1207.1,1218.8
2020-04-13 12:21:05,99.35,1230.7,1207.3,1219.0
2020-04-13 12:31:10,99.35,1230.5,1207.1,1218.8
2020-04-13 12:37:41,99.35,1230.6,1207.2,1218.9
2020-04-13 12:43:10,99.35,1230.9,1207.5,1219.2
2020-04-13 12:48:18,99.35,1230.5,1207.1,1218.8
2020-04-13 12:53:44,99.35,1231.0,1207.6,1219.3
2020-04-13 12:57:20,99.35,1230.6,1207.2,1218.9
2020-04-13 13:00:17,99.35,1230.2,1207.0,1218.6
2020-04-13 13:02:57,99.35,1230.8,1207.4,1219.1
2020-04-13 13:03:38,99.35,1231.1,1207.7,1219.4
2020-04-13 13:06:53,99.35,1230.7,1207.3,1219.0
2020-04-13 13:15:47,99.35,1231.0,1207.6,1219.3
2020-04-13 13:18:01,99.35,1231.2,1207.8,1219.5
2020-04-13 13:34:51,99.35,1231.3,1207.9,1219.6
2020-04-13 13:43:16,99.35,1231.1,1207.7,1219.4
2020-04-13 13:48:21,99.35,1231.3,1207.9,1219.6
2020-04-13 13:49:38,99.35,1231.8,1208.4,1220.1
2020-04-13 13:54:18,99.35,1231.7,1208.3,1220.0
2020-04-13 13:54:51,99.35,1231.5,1208.1,1219.8
2020-04-13 14:04:38,99.35,1231.2,1207.8,1219.5
2020-04-13 14:05:37,99.35,1230.9,1207.5,1219.2
2020-04-13 14:06:10,99.35,1230.7,1207.3,1219.0
2020-04-13 14:07:35,99.35,1230.6,1207.2,1218.9
2020-04-13 14:16:11,99.35,1230.6,1207.2,1218.9
2020-04-13 14:16:53,99.35,1230.3,1207.1,1218.7
2020-04-13 14:17:46,99.35,1230.6,1207.2,1218.9
2020-04-13 14:19:23,99.35,1230.8,1207.4,1219.1
2020-04-13 14:22:36,99.35,1231.0,1207.6,1219.3
2020-04-13 14:24:18,99.35,1231.2,1207.8,1219.5
2020-04-13 14:25:55,99.35,1231.3,1207.9,1219.6
2020-04-13 14:26:37,99.35,1230.9,1207.5,1219.2
2020-04-13 14:38:40,99.35,1231.5,1208.1,1219.8
2020-04-13 14:42:32,99.35,1231.6,1208.2,1219.9
2020-04-13 14:43:06,99.35,1231.8,1208.4,1220.1
2020-04-13 14:44:06,99.35,1231.6,1208.2,1219.9
2020-04-13 14:44:48,99.35,1231.3,1207.9,1219.6
2020-04-13 14:45:12,99.35,1230.8,1207.4,1219.1
2020-04-13 14:47:46,99.35,1230.5,1207.1,1218.8
2020-04-13 14:50:42,99.35,1230.0,1206.8,1218.4
2020-04-13 14:51:35,99.35,1229.8,1206.6,1218.2
2020-04-13 14:54:10,99.35,1230.0,1206.8,1218.4
2020-04-13 14:55:24,99.35,1230.2,1207.0,1218.6
2020-04-13 14:57:47,99.35,1229.8,1206.6,1218.2
2020-04-13 15:02:09,99.35,1230.0,1206.8,1218.4
2020-04-13 15:03:05,99.35,1230.7,1207.3,1219.0
2020-04-13 15:03:39,99.35,1230.5,1207.1,1218.8
2020-04-13 15:05:26,99.35,1229.5,1206.3,1217.9
2020-04-13 15:06:02,99.35,1229.1,1205.9,1217.5
2020-04-13 15:07:39,99.35,1229.3,1206.1,1217.7
2020-04-13 15:13:47,99.35,1229.5,1206.3,1217.9
2020-04-13 15:15:16,99.35,1229.8,1206.6,1218.2
2020-04-13 15:19:09,99.35,1229.5,1206.3,1217.9
2020-04-13 15:24:48,99.35,1229.1,1205.9,1217.5
2020-04-13 15:25:42,99.35,1229.2,1206.0,1217.6
2020-04-13 15:26:48,99.35,1229.5,1206.3,1217.9
2020-04-13 15:28:59,99.35,1229.7,1206.5,1218.1
2020-04-13 15:30:46,99.35,1229.5,1206.3,1217.9
2020-04-13 15:31:18,99.35,1229.6,1206.4,1218.0
2020-04-13 15:40:29,99.35,1229.1,1205.9,1217.5
2020-04-13 16:02:58,99.35,1229.6,1206.4,1218.0
2020-04-13 16:20:51,99.35,1229.6,1206.4,1218.0
2020-04-13 16:28:40,99.35,1228.6,1205.4,1217.0
2020-04-13 16:30:35,99.35,1227.6,1204.4,1216.0
2020-04-13 16:35:28,99.35,1226.6,1203.4,1215.0
2020-04-13 16:42:49,99.35,1226.6,1203.4,1215.0
2020-04-13 16:49:52,99.35,1226.6,1203.4,1215.0
2020-04-13 16:58:24,99.35,1228.1,1204.9,1216.5
2020-04-14 08:31:26,98.89,1227.6,1204.4,1216.0
2020-04-14 08:39:53,98.89,1227.6,1204.4,1216.0
2020-04-14 08:44:39,98.89,1227.6,1204.4,1216.0
2020-04-14 08:50:40,98.89,1227.6,1204.4,1216.0
2020-04-14 08:55:32,98.89,1227.6,1204.4,1216.0
2020-04-14 09:00:43,98.89,1226.6,1203.4,1215.0
2020-04-14 09:02:10,98.89,1226.1,1202.9,1214.5
2020-04-14 09:02:50,98.89,1225.3,1202.1,1213.7
2020-04-14 09:03:33,98.89,1225.6,1202.4,1214.0
2020-04-14 09:04:22,98.89,1225.8,1202.6,1214.2
2020-04-14 09:04:58,98.89,1226.3,1203.1,1214.7
2020-04-14 09:08:41,98.89,1226.6,1203.4,1215.0
2020-04-14 09:09:17,98.89,1226.8,1203.6,1215.2
2020-04-14 09:12:58,98.89,1227.7,1204.5,1216.1
2020-04-14 09:13:21,98.89,1227.9,1204.7,1216.3
2020-04-14 09:15:26,98.89,1228.0,1204.8,1216.4
2020-04-14 09:17:13,98.89,1228.3,1205.1,1216.7
2020-04-14 09:17:53,98.89,1228.0,1204.8,1216.4
